ID,ANO,RELATOR,CLASSE
0,1474346,2000,MIN. OCTAVIO GALLOTTI,RE,"['tributo figurino', 'figurino constitucional', 'constitucional supremacia', 'supremacia carta', 'carta federal', 'federal \xc3\xa9', '\xc3\xa9 conducente', 'conducente glosar-se', 'glosar-se cobran\xc3\xa7a', 'cobran\xc3\xa7a tributo', 'tributo discrepante', 'discrepante daqueles', 'daqueles nela', 'nela previstos', 'previstos imposto', 'imposto sobre', 'sobre servi\xc3\x87os', 'servi\xc3\x87os contrato', 'contrato loca\xc3\x87\xc3\x83o', 'loca\xc3\x87\xc3\x83o terminologia', 'terminologia constitucional', 'constitucional imposto', 'imposto sobre', 'sobre servi\xc3\xa7os', 'servi\xc3\xa7os revela', 'revela objeto', 'objeto tributa\xc3\xa7\xc3\xa3o', 'tributa\xc3\xa7\xc3\xa3o conflita', 'conflita maior', 'maior dispositivo', 'dispositivo imponha', 'imponha tributo', 'tributo considerado', 'considerado contrato', 'contrato loca\xc3\xa7\xc3\xa3o', 'loca\xc3\xa7\xc3\xa3o bem', 'bem m\xc3\xb3vel', 'm\xc3\xb3vel institutos', 'institutos express\xc3\xb5es', 'express\xc3\xb5es voc\xc3\xa1bulos', 'voc\xc3\xa1bulos t\xc3\xaam', 't\xc3\xaam sentido', 'sentido pr\xc3\xb3prio', 'pr\xc3\xb3prio descabendo', 'descabendo confundir', 'confundir loca\xc3\xa7\xc3\xa3o', 'loca\xc3\xa7\xc3\xa3o servi\xc3\xa7os', 'servi\xc3\xa7os m\xc3\xb3veis', 'm\xc3\xb3veis pr\xc3\xa1ticas', 'pr\xc3\xa1ticas diversas', 'diversas regidas', 'regidas c\xc3\xb3digo', 'c\xc3\xb3digo civil', 'civil cujas', 'cujas defini\xc3\xa7\xc3\xb5es', 'defini\xc3\xa7\xc3\xb5es observ\xc3\xa2ncia', 'observ\xc3\xa2ncia inafast\xc3\xa1vel', 'inafast\xc3\xa1vel c\xc3\xb3digo', 'c\xc3\xb3digo tribut\xc3\xa1rio', 'tribut\xc3\xa1rio nacional']"
1,1474686,2000,MIN. NELSON JOBIM,RE,"['ementa: administrativo', 'administrativo servidor', 'servidor p\xc3\xbablico', 'p\xc3\xbablico vencimentos', 'vencimentos isonomia', 'isonomia catarinense', 'catarinense precedentes', 'precedentes stf', 'stf impugna\xc3\xa7\xc3\xa3o', 'impugna\xc3\xa7\xc3\xa3o fundamentos', 'fundamentos despacho', 'despacho agravado', 'agravado regimental', 'regimental provido']"
2,1475131,2000,MIN. NÉRI DA SILVEIRA,AI,[]
3,1475391,2000,MIN. SEPÚLVEDA PERTENCE,RE,[]
4,1475635,2000,MIN. NELSON JOBIM,AI,[]
5,1476744,2000,MIN. MAURÍCIO CORRÊA,RE,"['ementa: agravo', 'agravo regimental', 'regimental inexist\xc3\xaancia', 'inexist\xc3\xaancia diverg\xc3\xaancia', 'diverg\xc3\xaancia ac\xc3\xb3rd\xc3\xa3o', 'ac\xc3\xb3rd\xc3\xa3o embargado', 'embargado decidido', 'decidido rree', 'rree agravo', 'agravo nega', 'nega provimento']"
6,1477595,2000,MIN. CÉLIO BORJA,RC,[]
7,1479577,2000,MIN. ELLEN GRACIE,RE,[]
8,1482931,2000,MIN. NÉRI DA SILVEIRA,RE,[]
9,1483014,2000,MIN. SEPÚLVEDA PERTENCE,RE,"['ementa re:', 're: prequestionamento:', 'prequestionamento: voto', 'voto vencido', 'vencido configura', 'configura prequestionamento', 'prequestionamento ac\xc3\xb3rd\xc3\xa3o', 'ac\xc3\xb3rd\xc3\xa3o recorrido', 'recorrido apenas', 'apenas voto', 'voto vencido', 'vencido cuidou', 'cuidou tema', 'tema suscitado', 'suscitado recurso', 'recurso extraordin\xc3\xa1rio', 'extraordin\xc3\xa1rio adotando', 'adotando fundamento', 'fundamento independente', 'independente sequer', 'sequer considerado', 'considerado maioria']"
10,1484516,2000,MIN. SYDNEY SANCHES,Ext,[]
11,1484657,2000,MIN. NELSON JOBIM,RE,[]
12,1484706,2000,MIN. NELSON JOBIM,AI,[]
13,1485062,2000,MIN. NÉRI DA SILVEIRA,AI,[]
14,1486028,2000,MIN. NELSON JOBIM,RE,"['ementa: processual', 'processual indica\xc3\xa7\xc3\xa3o', 'indica\xc3\xa7\xc3\xa3o dispositivo', 'dispositivo constitucional', 'constitucional autorizador', 'autorizador condi\xc3\xa7\xc3\xb5es', 'condi\xc3\xa7\xc3\xb5es admissibilidade', 'admissibilidade recurso', 'recurso revista', 'revista debate', 'debate infraconstitucional', 'infraconstitucional regimental', 'regimental provido']"
15,1486111,2000,MIN. CÉLIO BORJA,Inq,[]
16,1488301,2000,MIN. NELSON JOBIM,RE,[]
17,1488701,2000,MIN. MARCO AURÉLIO,AI,[]
18,1488843,2000,MIN. NELSON JOBIM,RE,"['ementa: constitucional', 'constitucional anistia', 'anistia militares', 'militares anistia', 'anistia prevista', 'prevista ec', 'ec aplica', 'aplica hip\xc3\xb3teses', 'hip\xc3\xb3teses puni\xc3\xa7\xc3\xa3o', 'puni\xc3\xa7\xc3\xa3o havida', 'havida base', 'base legisla\xc3\xa7\xc3\xa3o', 'legisla\xc3\xa7\xc3\xa3o ordin\xc3\xa1ria', 'ordin\xc3\xa1ria recurso', 'recurso extraordin\xc3\xa1rio', 'extraordin\xc3\xa1rio conhecido', 'conhecido provido']"
19,1488985,2000,MIN. SEPÚLVEDA PERTENCE,AI,"['ementa: recurso', 'recurso extraordin\xc3\xa1rio', 'extraordin\xc3\xa1rio recurso', 'recurso especial:', 'especial: interposi\xc3\xa7\xc3\xa3o', 'interposi\xc3\xa7\xc3\xa3o anterior', 'anterior instala\xc3\xa7\xc3\xa3o', 'instala\xc3\xa7\xc3\xa3o stj', 'stj inexist\xc3\xaancia', 'inexist\xc3\xaancia adquirido', 'adquirido questionado', 'questionado sustentada', 'sustentada invoca\xc3\xa7\xc3\xa3o', 'invoca\xc3\xa7\xc3\xa3o apenas', 'apenas norma', 'norma constitucional', 'constitucional espec\xc3\xadfica', 'espec\xc3\xadfica (cf', '(cf \xc2\xa7', '\xc2\xa7 mat\xc3\xa9ria', 'mat\xc3\xa9ria infraconstitucional', 'infraconstitucional viabilize', 'viabilize desdobramento', 'desdobramento recurso', 'recurso especial']"
20,1490390,2000,MIN. NELSON JOBIM,ADI,[]
21,1490788,2000,MIN. SYDNEY SANCHES,AI,[]
22,1491476,2000,MIN. SYDNEY SANCHES,AI,"['ementa: constitucional', 'constitucional processual', 'processual civil', 'civil recurso', 'recurso extraordin\xc3\x81rio', 'extraordin\xc3\x81rio agravo', 'agravo instrumento', 'instrumento perda', 'perda objeto', 'objeto agravo', 'agravo agravo', 'agravo instrumento', 'instrumento prejudicado', 'prejudicado pois', 'pois visava', 'visava subida', 'subida recurso', 'recurso extraordin\xc3\xa1rio', 'extraordin\xc3\xa1rio posteriormente', 'posteriormente julgado', 'julgado corte', 'corte sob', 'sob ocorreu', 'ocorreu porque', 'porque autorizado', 'autorizado desdobramento', 'desdobramento recurso', 'recurso inicialmente', 'inicialmente interposto', 'interposto extraordin\xc3\xa1rio', 'extraordin\xc3\xa1rio especial', 'especial autos', 'autos respectivos', 'respectivos passaram', 'passaram inicialmente', 'inicialmente superior', 'superior tribunal', 'tribunal justi\xc3\xa7a', 'justi\xc3\xa7a (ap\xc3\xb3s', '(ap\xc3\xb3s julgamento', 'julgamento recurso', 'recurso especial)', 'especial) encaminhou', 'encaminhou seguida', 'seguida corte', 'corte vez', 'vez julgou', 'julgou r', 'r portanto', 'portanto objeto', 'objeto presente', 'presente agravo', 'agravo pois', 'pois visa', 'visa subida', 'subida r', 'r julgado', 'julgado agravo', 'agravo prejudicado']"
23,1491480,2000,MIN. MOREIRA ALVES,ADI,"['a\xc3\x87\xc3\x83o direta', 'direta inconstitucionalidade', 'inconstitucionalidade pedido', 'pedido medida', 'medida liminar', 'liminar conversao', 'conversao julgamento', 'julgamento diligencia', 'diligencia autor', 'autor traga', 'traga autos', 'autos exemplar', 'exemplar texto', 'texto constitui\xc3\x87\xc3\x83o', 'constitui\xc3\x87\xc3\x83o estadual', 'estadual pertencem', 'pertencem dispositivos', 'dispositivos impugnados']"
24,1491833,2000,MIN. CARLOS VELLOSO,RE,"['ementa: constitucional', 'constitucional tribut\xc3\x81rio', 'tribut\xc3\x81rio icms', 'icms princ\xc3\x8dpio', 'princ\xc3\x8dpio n\xc3\x83o-cumulatividade', 'n\xc3\x83o-cumulatividade cr\xc3\x89dito', 'cr\xc3\x89dito f', 'f reda\xc3\xa7\xc3\xa3o', 'reda\xc3\xa7\xc3\xa3o ec', 'ec opera\xc3\x87\xc3\x83o', 'opera\xc3\x87\xc3\x83o realizada', 'realizada vig\xc3\x8ancia', 'vig\xc3\x8ancia ec', 'ec icm', 'icm recolhido', 'recolhido entrada', 'entrada mat\xc3\xa9ria-prima', 'mat\xc3\xa9ria-prima empregada', 'empregada fabrica\xc3\xa7\xc3\xa3o', 'fabrica\xc3\xa7\xc3\xa3o produto', 'produto cuja', 'cuja sa\xc3\xadda', 'sa\xc3\xadda \xc3\xa9', '\xc3\xa9 isenta', 'isenta referido', 'referido imposto', 'imposto opera\xc3\xa7\xc3\xa3o', 'opera\xc3\xa7\xc3\xa3o realizada', 'realizada vig\xc3\xaancia', 'vig\xc3\xaancia ec', 'ec introduziu', 'introduziu altera\xc3\xa7\xc3\xa3o', 'altera\xc3\xa7\xc3\xa3o cf/67:', 'cf/67: inocorr\xc3\xaancia', 'inocorr\xc3\xaancia cr\xc3\xa9dito', 'cr\xc3\xa9dito precedentes', 'precedentes stf', 'stf r', 'r conhecido']"
25,1494775,2000,MIN. OCTAVIO GALLOTTI,RE,[]
26,1500752,2000,MIN. OCTAVIO GALLOTTI,ADI,[]
27,1501850,2000,MIN. SEPÚLVEDA PERTENCE,RE,"['ementa: recurso', 'recurso revista', 'revista recurso', 'recurso extraordin\xc3\xa1rio:', 'extraordin\xc3\xa1rio: prequestionamento', 'prequestionamento exig\xc3\xaancia', 'exig\xc3\xaancia tst', 'tst conhecer', 'conhecer revista', 'revista prequestionamento', 'prequestionamento inst\xc3\xa2ncias', 'inst\xc3\xa2ncias ordin\xc3\xa1rias', 'ordin\xc3\xa1rias trabalhistas', 'trabalhistas tema', 'tema constitucional', 'constitucional funda', 'funda recurso', 'recurso \xc3\xa9', '\xc3\xa9 quest\xc3\xa3o', 'quest\xc3\xa3o infraconstitucional', 'infraconstitucional ofende', 'ofende constitui\xc3\xa7\xc3\xa3o', 'constitui\xc3\xa7\xc3\xa3o jurisprud\xc3\xaancia', 'jurisprud\xc3\xaancia stf', 'stf prequestionado', 'prequestionado tema', 'tema constitucional', 'constitucional desde', 'desde aventado', 'aventado interposi\xc3\xa7\xc3\xa3o', 'interposi\xc3\xa7\xc3\xa3o revista', 'revista cuida', 'cuida exclusivamente', 'exclusivamente prequestionamento', 'prequestionamento pressuposto', 'pressuposto recurso', 'recurso extraordin\xc3\xa1rio', 'extraordin\xc3\xa1rio base', 'base constitucional', 'constitucional nada', 'nada diz', 'diz prequestionamento', 'prequestionamento inst\xc3\xa2ncias', 'inst\xc3\xa2ncias ordin\xc3\xa1rias', 'ordin\xc3\xa1rias justi\xc3\xa7a', 'justi\xc3\xa7a trabalho', 'trabalho fundamentos', 'fundamentos revista:', 'revista: \xc3\xa9', '\xc3\xa9 quest\xc3\xa3o', 'quest\xc3\xa3o processual', 'processual ordin\xc3\xa1rio', 'ordin\xc3\xa1rio cuja', 'cuja solu\xc3\xa7\xc3\xa3o', 'solu\xc3\xa7\xc3\xa3o abre', 'abre revis\xc3\xa3o', 'revis\xc3\xa3o supremo', 'supremo tribunal', 'tribunal via', 'via extraordin\xc3\xa1ria']"
28,1501944,2000,MIN. MOREIRA ALVES,RE,"['ementa: recurso', 'recurso extraordin\xc3\xa1rio', 'extraordin\xc3\xa1rio corre\xc3\xa7\xc3\xa3o', 'corre\xc3\xa7\xc3\xa3o monet\xc3\xa1ria', 'monet\xc3\xa1ria alega\xc3\xa7\xc3\xa3o', 'alega\xc3\xa7\xc3\xa3o ofensa', 'ofensa coisa', 'coisa julgada', 'julgada \xc2\xa7', '\xc2\xa7 emenda', 'emenda constitucional', 'constitucional caso', 'caso trata-se', 'trata-se alega\xc3\xa7\xc3\xa3o', 'alega\xc3\xa7\xc3\xa3o ofensa', 'ofensa constitui\xc3\xa7\xc3\xa3o', 'constitui\xc3\xa7\xc3\xa3o demandar', 'demandar exame', 'exame pr\xc3\xa9vio', 'pr\xc3\xa9vio interpreta\xc3\xa7\xc3\xa3o', 'interpreta\xc3\xa7\xc3\xa3o decis\xc3\xa3o', 'decis\xc3\xa3o transitada', 'transitada julgado', 'julgado face', 'face legisla\xc3\xa7\xc3\xa3o', 'legisla\xc3\xa7\xc3\xa3o processual', 'processual infraconstitucional', 'infraconstitucional sobre', 'sobre limites', 'limites objetivos', 'objetivos coisa', 'coisa julgada', 'julgada \xc3\xa9', '\xc3\xa9 indireta', 'indireta reflexa', 'reflexa dando', 'dando margem', 'margem assim', 'assim cabimento', 'cabimento recurso', 'recurso extraordin\xc3\xa1rio', 'extraordin\xc3\xa1rio recurso', 'recurso extraordin\xc3\xa1rio', 'extraordin\xc3\xa1rio conhecido']"
29,1507520,2000,MIN. MARCO AURÉLIO,RE,"['anistia emenda', 'emenda constitucional', 'constitucional longe', 'longe fica', 'fica vulnerar', 'vulnerar \xc2\xa7', '\xc2\xa7 emenda', 'emenda constitucional', 'constitucional decis\xc3\xa3o', 'decis\xc3\xa3o conclui', 'conclui promo\xc3\xa7\xc3\xb5es', 'promo\xc3\xa7\xc3\xb5es primeiro', 'primeiro sargento', 'sargento subtenente', 'subtenente considerando-se', 'considerando-se tanto', 'tanto fato', 'fato afastamento', 'afastamento militar', 'militar haver', 'haver obstaculizado', 'obstaculizado acesso', 'acesso tais', 'tais benef\xc3\xadcios', 'benef\xc3\xadcios \xc2\xa7', '\xc2\xa7 mencionado', 'mencionado cogita', 'cogita posto', 'posto gradua\xc3\xa7\xc3\xa3o', 'gradua\xc3\xa7\xc3\xa3o militar', 'militar jus', 'jus permanecesse', 'permanecesse servi\xc3\xa7o', 'servi\xc3\xa7o ativo', 'ativo devendo', 'devendo ser', 'ser presumido', 'presumido normalmente', 'normalmente ocorre', 'ocorre excepcional', 'excepcional aus\xc3\xaancia', 'aus\xc3\xaancia aproveitamento', 'aproveitamento curso', 'curso espec\xc3\xadfico']"
30,1508009,2000,MIN. NELSON JOBIM,RE,[]
31,1508113,2000,MIN. OCTAVIO GALLOTTI,RE,[]
32,1511722,2000,MIN. MARCO AURÉLIO,ADI,"['a\xc3\x87\xc3\x83o direta', 'direta inconstitucionalidade', 'inconstitucionalidade liminar', 'liminar requerente', 'requerente deve', 'deve demonstrar', 'demonstrar forma', 'forma cabal', 'cabal concurso', 'concurso (fumus', '(fumus boni', 'boni iuris)', 'iuris) (periculum', '(periculum in', 'in mora)', 'mora) sendo', 'sendo incompativel', 'incompativel no\xc3\xa7\xc3\xa3o', 'no\xc3\xa7\xc3\xa3o deste', 'deste \xc3\xbaltimo', '\xc3\xbaltimo fato', 'fato edi\xc3\xa7\xc3\xa3o', 'edi\xc3\xa7\xc3\xa3o ato', 'ato atacado', 'atacado ajuizamento', 'ajuizamento demanda', 'demanda haver', 'haver transcorrido', 'transcorrido nove', 'nove meses']"
33,1512688,2000,MIN. SEPÚLVEDA PERTENCE,RE,"['ementa recurso', 'recurso extraordin\xc3\xa1rio:', 'extraordin\xc3\xa1rio: ofensa', 'ofensa reflexa', 'reflexa constitui\xc3\xa7\xc3\xa3o:', 'constitui\xc3\xa7\xc3\xa3o: descabimento', 'descabimento \xc3\x89', '\xc3\x89 inadmiss\xc3\xadvel', 'inadmiss\xc3\xadvel recurso', 'recurso extraordin\xc3\xa1rio', 'extraordin\xc3\xa1rio suposta', 'suposta contrariedade', 'contrariedade dispositivo', 'dispositivo constitui\xc3\xa7\xc3\xa3o', 'constitui\xc3\xa7\xc3\xa3o conseq\xc3\xbc\xc3\xaancia', 'conseq\xc3\xbc\xc3\xaancia m\xc3\xa1', 'm\xc3\xa1 aplica\xc3\xa7\xc3\xa3o', 'aplica\xc3\xa7\xc3\xa3o legisla\xc3\xa7\xc3\xa3o', 'legisla\xc3\xa7\xc3\xa3o infraconstitucional']"
34,1513871,2000,MIN. NELSON JOBIM,RE,[]
35,1515170,2000,MIN. NELSON JOBIM,RE,[]
36,1515180,2000,MIN. NELSON JOBIM,RE,[]
37,1515240,2000,MIN. SEPÚLVEDA PERTENCE,RE,"['ementa: responsabilidade', 'responsabilidade civil', 'civil estado:', 'estado: fuga', 'fuga preso', 'preso atribu\xc3\xadda', 'atribu\xc3\xadda inc\xc3\xbaria', 'inc\xc3\xbaria guarda', 'guarda acompanhava', 'acompanhava consult\xc3\xb3rio', 'consult\xc3\xb3rio odontol\xc3\xb3gico', 'odontol\xc3\xb3gico pris\xc3\xa3o', 'pris\xc3\xa3o preordenada', 'preordenada assass\xc3\xadnio', 'assass\xc3\xadnio desafetos', 'desafetos atribu\xc3\xada', 'atribu\xc3\xada condena\xc3\xa7\xc3\xa3o', 'condena\xc3\xa7\xc3\xa3o busca', 'busca quais', 'quais estabelecimento', 'estabelecimento industrial', 'industrial empregado', 'empregado veio', 'veio matar', 'matar vigia', 'vigia marido', 'marido pai', 'pai autores:', 'autores: indeniza\xc3\xa7\xc3\xa3o', 'indeniza\xc3\xa7\xc3\xa3o deferida', 'deferida ofensa', 'ofensa \xc2\xa7', '\xc2\xa7 constitui\xc3\xa7\xc3\xa3o']"
38,1515259,2000,MIN. OCTAVIO GALLOTTI,RE,[]
39,1518455,2000,MIN. MOREIRA ALVES,RE,"['ementa: agravo', 'agravo regimental', 'regimental cabimento', 'cabimento recurso', 'recurso extraordin\xc3\xa1rio', 'extraordin\xc3\xa1rio contra', 'contra ac\xc3\xb3rd\xc3\xa3o', 'ac\xc3\xb3rd\xc3\xa3o defere', 'defere liminar', 'liminar entender', 'entender ocorrem', 'ocorrem requisitos', 'requisitos ""fumus', '""fumus boni', 'boni iuris""', 'iuris"" ""periculum', '""periculum in', 'in mora""', 'mora"" tratando', 'tratando ac\xc3\xb3rd\xc3\xa3o', 'ac\xc3\xb3rd\xc3\xa3o deu', 'deu provimento', 'provimento agravo', 'agravo deferir', 'deferir liminar', 'liminar pleiteada', 'pleiteada entender', 'entender havia', 'havia ""fumus', '""fumus boni', 'boni iuris""', 'iuris"" ""periculum', '""periculum in', 'in mora""', 'mora"" aresto', 'aresto afirmou', 'afirmou refer\xc3\xaancia', 'refer\xc3\xaancia primeiro', 'primeiro desses', 'desses requisitos', 'requisitos fundamentos', 'fundamentos jur\xc3\xaddicos', 'jur\xc3\xaddicos (no', '(no caso', 'caso constitucionais)', 'constitucionais) mandado', 'mandado seguran\xc3\xa7a', 'seguran\xc3\xa7a relevantes', 'relevantes evidentemente', 'evidentemente \xc3\xa9', '\xc3\xa9 manifesta\xc3\xa7\xc3\xa3o', 'manifesta\xc3\xa7\xc3\xa3o conclusiva', 'conclusiva proced\xc3\xaancia', 'proced\xc3\xaancia ocorrer', 'ocorrer hip\xc3\xb3tese', 'hip\xc3\xb3tese cabimento', 'cabimento recurso', 'recurso extraordin\xc3\xa1rio', 'extraordin\xc3\xa1rio letra', 'letra ""a""', '""a"" inciso', 'inciso constitui\xc3\xa7\xc3\xa3o', 'constitui\xc3\xa7\xc3\xa3o (que', '(que \xc3\xa9', '\xc3\xa9 autos)', 'autos) exige', 'exige necessariamente', 'necessariamente decis\xc3\xa3o', 'decis\xc3\xa3o desrespeitado', 'desrespeitado dispositivo', 'dispositivo constitucional', 'constitucional negar-lhe', 'negar-lhe vig\xc3\xaancia', 'vig\xc3\xaancia t\xc3\xaa-lo', 't\xc3\xaa-lo interpretado', 'interpretado erroneamente', 'erroneamente aplic\xc3\xa1-lo', 'aplic\xc3\xa1-lo deixar', 'deixar aplic\xc3\xa1-lo', 'aplic\xc3\xa1-lo agravo', 'agravo nega', 'nega provimento']"
40,1519473,2000,MIN. SYDNEY SANCHES,AI,"['ementa: agravo', 'agravo instrumento', 'instrumento traslado', 'traslado incompleto', 'incompleto c\xc3\x93pia', 'c\xc3\x93pia ac\xc3\x93rd\xc3\x83oimpugnado', 'ac\xc3\x93rd\xc3\x83oimpugnado mediante', 'mediante recurso', 'recurso extraordin\xc3\x81rio', 'extraordin\xc3\x81rio aus\xc3\x8ancia', 'aus\xc3\x8ancia pe\xc3\x87a', 'pe\xc3\x87a indispens\xc3\x81vel', 'indispens\xc3\x81vel juntada', 'juntada incumbe', 'incumbe agravante', 'agravante impossibilidade', 'impossibilidade tardia', 'tardia produ\xc3\x87\xc3\x83o', 'produ\xc3\x87\xc3\x83o pe\xc3\x87a', 'pe\xc3\x87a processual', 'processual recurso', 'recurso improvido', 'improvido incumbe', 'incumbe parte', 'parte agravante', 'agravante providenciar', 'providenciar dentre', 'dentre outras', 'outras pe\xc3\xa7as', 'pe\xc3\xa7as reputadas', 'reputadas indispens\xc3\xa1veis', 'indispens\xc3\xa1veis adequada', 'adequada forma\xc3\xa7\xc3\xa3o', 'forma\xc3\xa7\xc3\xa3o traslado', 'traslado c\xc3\xb3pia', 'c\xc3\xb3pia ac\xc3\xb3rd\xc3\xa3o', 'ac\xc3\xb3rd\xc3\xa3o impugnado', 'impugnado mediante', 'mediante recurso', 'recurso extraordin\xc3\xa1rio', 'extraordin\xc3\xa1rio essencialidade', 'essencialidade documento', 'documento decorre', 'decorre fato', 'fato ser', 'ser poss\xc3\xadvel', 'poss\xc3\xadvel desde', 'desde advento', 'advento convers\xc3\xa3o', 'convers\xc3\xa3o agravo', 'agravo instrumento', 'instrumento recurso', 'recurso extraordin\xc3\xa1rio', 'extraordin\xc3\xa1rio desde', 'desde respectivo', 'respectivo traslado', 'traslado contenha', 'contenha elementos', 'elementos necess\xc3\xa1rios', 'necess\xc3\xa1rios plena', 'plena compreens\xc3\xa3o', 'compreens\xc3\xa3o controv\xc3\xa9rsia', 'controv\xc3\xa9rsia consequente', 'consequente julgamento', 'julgamento m\xc3\xa9rito', 'm\xc3\xa9rito pr\xc3\xb3prio', 'pr\xc3\xb3prio apelo', 'apelo extremo', 'extremo juntada', 'juntada posterior', 'posterior tardia', 'tardia pe\xc3\xa7a', 'pe\xc3\xa7a essencial', 'essencial composi\xc3\xa7\xc3\xa3o', 'composi\xc3\xa7\xc3\xa3o instrumento', 'instrumento encontrando', 'encontrando recurso', 'recurso agravo', 'agravo stf', 'stf cond\xc3\xa3o', 'cond\xc3\xa3o suprir', 'suprir omiss\xc3\xa3o', 'omiss\xc3\xa3o existente', 'existente traslado', 'traslado cuja', 'cuja forma\xc3\xa7\xc3\xa3o', 'forma\xc3\xa7\xc3\xa3o deve', 'deve processar-se', 'processar-se perante', 'perante tribunal', 'tribunal ""a', '""a quo""', 'quo"" (rtj', '(rtj mello)']"
41,1519925,2000,MIN. SEPÚLVEDA PERTENCE,AI,"['ementa servidor', 'servidor p\xc3\xbablico:', 'p\xc3\xbablico: reajustes', 'reajustes diferenciados', 'diferenciados vencimentos:', 'vencimentos: inexist\xc3\xaancia', 'inexist\xc3\xaancia viola\xc3\xa7\xc3\xa3o', 'viola\xc3\xa7\xc3\xa3o \xc2\xa7', '\xc2\xa7 carta', 'carta princ\xc3\xadpio', 'princ\xc3\xadpio isonomia', 'isonomia jamais', 'jamais obrigou', 'obrigou legislador', 'legislador ordin\xc3\xa1rio', 'ordin\xc3\xa1rio conceder', 'conceder mesmos', 'mesmos reajustes', 'reajustes todos', 'todos servidores', 'servidores p\xc3\xbablicos', 'p\xc3\xbablicos contr\xc3\xa1rio:', 'contr\xc3\xa1rio: possibilidade', 'possibilidade modificar-se', 'modificar-se qualquer', 'qualquer momento', 'momento rela\xc3\xa7\xc3\xa3o', 'rela\xc3\xa7\xc3\xa3o existente', 'existente remunera\xc3\xa7\xc3\xa3o', 'remunera\xc3\xa7\xc3\xa3o categorias', 'categorias n\xc3\xadveis', 'n\xc3\xadveis diferentes', 'diferentes servidores', 'servidores objeto', 'objeto previs\xc3\xa3o', 'previs\xc3\xa3o expressa', 'expressa par', 'par \xc3\xbanico', '\xc3\xbanico constitui\xc3\xa7\xc3\xa3o', 'constitui\xc3\xa7\xc3\xa3o modifica\xc3\xa7\xc3\xa3o', 'modifica\xc3\xa7\xc3\xa3o tanto', 'tanto podia', 'podia decorrer', 'decorrer aumento', 'aumento maior', 'maior concedido', 'concedido categoria', 'categoria reajuste', 'reajuste menor', 'menor concedido', 'concedido outra', 'outra impossibilidade', 'impossibilidade todo', 'todo caso', 'caso extens\xc3\xa3o', 'extens\xc3\xa3o judicial', 'judicial vantagem', 'vantagem remunerat\xc3\xb3ria', 'remunerat\xc3\xb3ria sob', 'sob fundamento', 'fundamento isonomia', 'isonomia (s\xc3\xbamula']"
42,1520575,2000,MIN. NELSON JOBIM,RE,[]
43,1520806,2000,MIN. NÉRI DA SILVEIRA,AI,"['ementa: agravo', 'agravo regimental', 'regimental agravo', 'agravo instrumento', 'instrumento recurso', 'recurso extraordin\xc3\x81rio', 'extraordin\xc3\x81rio ofensa', 'ofensa princ\xc3\x8dpios', 'princ\xc3\x8dpios constitucionais', 'constitucionais alega\xc3\x87\xc3\x83o', 'alega\xc3\x87\xc3\x83o ser', 'ser aferida', 'aferida partir', 'partir interpreta\xc3\x87\xc3\x83o', 'interpreta\xc3\x87\xc3\x83o normas', 'normas infraconstitucionais', 'infraconstitucionais impossibilidade', 'impossibilidade alega\xc3\xa7\xc3\xa3o', 'alega\xc3\xa7\xc3\xa3o vulnera\xc3\xa7\xc3\xa3o', 'vulnera\xc3\xa7\xc3\xa3o preceito', 'preceito constitucional', 'constitucional capaz', 'capaz viabilizar', 'viabilizar inst\xc3\xa2ncia', 'inst\xc3\xa2ncia extraordin\xc3\xa1ria', 'extraordin\xc3\xa1ria ser', 'ser direta', 'direta frontal', 'frontal demandaria', 'demandaria interpreta\xc3\xa7\xc3\xa3o', 'interpreta\xc3\xa7\xc3\xa3o normas', 'normas ordin\xc3\xa1rias', 'ordin\xc3\xa1rias reaprecia\xc3\xa7\xc3\xa3o', 'reaprecia\xc3\xa7\xc3\xa3o mat\xc3\xa9ria', 'mat\xc3\xa9ria f\xc3\xa1tica', 'f\xc3\xa1tica agravo', 'agravo regimental', 'regimental nega', 'nega provimento']"
44,1520826,2000,MIN. NELSON JOBIM,RE,"['ementa: tribut\xc3\xa1rio', 'tribut\xc3\xa1rio icms', 'icms imunidade', 'imunidade institui\xc3\xa7\xc3\xa3o', 'institui\xc3\xa7\xc3\xa3o fins', 'fins lucrativos', 'lucrativos precedentes', 'precedentes stf', 'stf regimental', 'regimental provido']"
45,1520988,2000,MIN. NELSON JOBIM,RE,[]
46,1521115,2000,MIN. NELSON JOBIM,RE,[]
47,1521853,2000,MIN. NELSON JOBIM,RE,[]
48,1521973,2000,MIN. NELSON JOBIM,PPE,[]
49,1522668,2000,MIN. NÉRI DA SILVEIRA,RE,[]
50,1522688,2000,MIN. MARCO AURÉLIO,RE,"['recurso extraordin\xc3\x81rio', 'extraordin\xc3\x81rio prequestionamento', 'prequestionamento configura\xc3\x87\xc3\x83o', 'configura\xc3\x87\xc3\x83o raz\xc3\x83o', 'raz\xc3\x83o ser', 'ser prequestionamento', 'prequestionamento resulta', 'resulta circunst\xc3\xa2ncia', 'circunst\xc3\xa2ncia mat\xc3\xa9ria', 'mat\xc3\xa9ria haver', 'haver sido', 'sido empolgada', 'empolgada parte', 'parte recorrente', 'recorrente configura\xc3\xa7\xc3\xa3o', 'configura\xc3\xa7\xc3\xa3o instituto', 'instituto pressup\xc3\xb5e', 'pressup\xc3\xb5e debate', 'debate decis\xc3\xa3o', 'decis\xc3\xa3o pr\xc3\xa9vios', 'pr\xc3\xa9vios colegiado', 'colegiado emiss\xc3\xa3o', 'emiss\xc3\xa3o ju\xc3\xadzo', 'ju\xc3\xadzo sobre', 'sobre tema', 'tema procedimento', 'procedimento escopo', 'escopo cotejo', 'cotejo indispens\xc3\xa1vel', 'indispens\xc3\xa1vel diga', 'diga enquadramento', 'enquadramento recurso', 'recurso extraordin\xc3\xa1rio', 'extraordin\xc3\xa1rio permissivo', 'permissivo constitucional', 'constitucional tribunal', 'tribunal ""a', '""a quo""', 'quo"" adotou', 'adotou entendimento', 'entendimento expl\xc3\xadcito', 'expl\xc3\xadcito respeito', 'respeito fato', 'fato jur\xc3\xadgeno', 'jur\xc3\xadgeno veiculado', 'veiculado raz\xc3\xb5es', 'raz\xc3\xb5es recursais', 'recursais inviabilizada', 'inviabilizada fica', 'fica conclus\xc3\xa3o', 'conclus\xc3\xa3o sobre', 'sobre viol\xc3\xaancia', 'viol\xc3\xaancia preceito', 'preceito evocado', 'evocado recorrente', 'recorrente hip\xc3\xb3tese', 'hip\xc3\xb3tese autos', 'autos havendo', 'havendo corte', 'corte origem', 'origem pronunciado', 'pronunciado sobre', 'sobre compet\xc3\xaancia', 'compet\xc3\xaancia declarar', 'declarar inconstitucionalidade', 'inconstitucionalidade ato', 'ato normativo', 'normativo dizer', 'dizer ofensa', 'ofensa carta', 'carta federal', 'federal vigor', 'vigor remunera\xc3\x87\xc3\x83o', 'remunera\xc3\x87\xc3\x83o vincula\xc3\x87\xc3\x83o', 'vincula\xc3\x87\xc3\x83o equipara\xc3\x87\xc3\x83o', 'equipara\xc3\x87\xc3\x83o versus', 'versus teto', 'teto descabe', 'descabe confundir', 'confundir vincula\xc3\xa7\xc3\xa3o', 'vincula\xc3\xa7\xc3\xa3o equipara\xc3\xa7\xc3\xa3o', 'equipara\xc3\xa7\xc3\xa3o vedadas', 'vedadas par\xc3\xa1grafo', 'par\xc3\xa1grafo \xc3\xbanico', '\xc3\xbanico constitui\xc3\xa7\xc3\xa3o', 'constitui\xc3\xa7\xc3\xa3o federal', 'federal anterior', 'anterior estipula\xc3\xa7\xc3\xa3o', 'estipula\xc3\xa7\xc3\xa3o teto', 'teto remunerat\xc3\xb3rio', 'remunerat\xc3\xb3rio da\xc3\xad', 'da\xc3\xad impropriedade', 'impropriedade assentar-se', 'assentar-se transgress\xc3\xa3o', 'transgress\xc3\xa3o preceito', 'preceito paulista', 'paulista dispor', 'dispor sobre', 'sobre reajuste', 'reajuste limitou', 'limitou resultado', 'resultado final', 'final igual', 'igual vinte', 'vinte vezes', 'vezes valor', 'valor piso', 'piso salarial', 'salarial correspondente', 'correspondente jornada', 'jornada completa', 'completa trabalho', 'trabalho precedente:', 'precedente: recurso', 'recurso extraordin\xc3\xa1rio', 'extraordin\xc3\xa1rio segunda', 'segunda turma', 'turma di\xc3\xa1rio', 'di\xc3\xa1rio justi\xc3\xa7a', 'justi\xc3\xa7a fevereiro']"
51,1522946,2000,MIN. NÉRI DA SILVEIRA,AI,"['ementa: recurso', 'recurso extraordin\xc3\xa1rio', 'extraordin\xc3\xa1rio mat\xc3\xa9ria', 'mat\xc3\xa9ria processual', 'processual decis\xc3\xa3o', 'decis\xc3\xa3o base', 'base normas', 'normas infraconstitucionais', 'infraconstitucionais inocorr\xc3\xaancia', 'inocorr\xc3\xaancia negativa', 'negativa presta\xc3\xa7\xc3\xa3o', 'presta\xc3\xa7\xc3\xa3o jurisdicional', 'jurisdicional agravo', 'agravo regimental', 'regimental \xc3\xa9', '\xc3\xa9 prover-se', 'prover-se afastar', 'afastar falta', 'falta pe\xc3\xa7a', 'pe\xc3\xa7a obrigat\xc3\xb3ria', 'obrigat\xc3\xb3ria compor', 'compor traslado', 'traslado esp\xc3\xa9cie', 'esp\xc3\xa9cie agravo', 'agravo instrumento', 'instrumento contra', 'contra despacho', 'despacho presidencial', 'presidencial admitiu', 'admitiu apelo', 'apelo derradeiro', 'derradeiro conhecimento', 'conhecimento desprovimento']"
52,1523369,2000,MIN. MARCO AURÉLIO,RE,"['ementa: recurso', 'recurso extraordin\xc3\x81rio', 'extraordin\xc3\x81rio constitucional', 'constitucional administrativo', 'administrativo concurso', 'concurso p\xc3\x9ablico', 'p\xc3\x9ablico ingresso', 'ingresso carreira', 'carreira delegado', 'delegado pol\xc3\x8dcia', 'pol\xc3\x8dcia altura', 'altura m\xc3\x8dnima', 'm\xc3\x8dnima requisito', 'requisito razoabilidade', 'razoabilidade exig\xc3\x8ancia', 'exig\xc3\x8ancia razoabilidade', 'razoabilidade exig\xc3\xaancia', 'exig\xc3\xaancia altura', 'altura m\xc3\xadnima', 'm\xc3\xadnima ingresso', 'ingresso carreira', 'carreira delegado', 'delegado pol\xc3\xadcia', 'pol\xc3\xadcia dada', 'dada natureza', 'natureza cargo', 'cargo ser', 'ser exercido', 'exercido viola\xc3\xa7\xc3\xa3o', 'viola\xc3\xa7\xc3\xa3o princ\xc3\xadpio', 'princ\xc3\xadpio isonomia', 'isonomia inexist\xc3\xaancia', 'inexist\xc3\xaancia recurso', 'recurso extraordin\xc3\xa1rio', 'extraordin\xc3\xa1rio conhecido']"
53,1523445,2000,MIN. SEPÚLVEDA PERTENCE,AI,"['ementa leiloeiro:', 'leiloeiro: concurso', 'concurso p\xc3\xbablico', 'p\xc3\xbablico realizado', 'realizado junta', 'junta comercial:', 'comercial: inexigibilidade', 'inexigibilidade observ\xc3\xa2ncia', 'observ\xc3\xa2ncia ordem', 'ordem classifica\xc3\xa7\xc3\xa3o', 'classifica\xc3\xa7\xc3\xa3o realiza\xc3\xa7\xc3\xa3o', 'realiza\xc3\xa7\xc3\xa3o concurso', 'concurso p\xc3\xbablico', 'p\xc3\xbablico necess\xc3\xa1ria', 'necess\xc3\xa1ria cuidava', 'cuidava prover', 'prover cargo', 'cargo p\xc3\xbablico', 'p\xc3\xbablico fato', 'fato nomea\xc3\xa7\xc3\xa3o', 'nomea\xc3\xa7\xc3\xa3o haver', 'haver reca\xc3\xaddo', 'reca\xc3\xaddo sobre', 'sobre primeiros', 'primeiros colocados', 'colocados configura', 'configura viola\xc3\xa7\xc3\xa3o', 'viola\xc3\xa7\xc3\xa3o princ\xc3\xadpios', 'princ\xc3\xadpios moralidade', 'moralidade impessoalidade']"
54,1524237,2000,MIN. ILMAR GALVÃO,ADI,[]
55,1524716,2000,MIN. SEPÚLVEDA PERTENCE,RE,"['ementa: isen\xc3\xa7\xc3\xa3o', 'isen\xc3\xa7\xc3\xa3o constitucional', 'constitucional corre\xc3\xa7\xc3\xa3o', 'corre\xc3\xa7\xc3\xa3o monet\xc3\xa1ria', 'monet\xc3\xa1ria (adct', '(adct \xc3\x89', '\xc3\x89 firme', 'firme entendimento', 'entendimento stf', 'stf sentido', 'sentido benef\xc3\xadcio', 'benef\xc3\xadcio adct', 'adct extensivo', 'extensivo avalistas', 'avalistas sendo', 'sendo certo', 'certo outro', 'outro lado', 'lado valor', 'valor depositado', 'depositado devedora', 'devedora compreendendo', 'compreendendo d\xc3\xa9bito', 'd\xc3\xa9bito inicial', 'inicial juros', 'juros atendeu', 'atendeu disposto', 'disposto inc', 'inc \xc2\xa7', '\xc2\xa7 norma', 'norma transit\xc3\xb3ria', 'transit\xc3\xb3ria mencionada']"
56,1524721,2000,MIN. NÉRI DA SILVEIRA,RE,[]
57,1525159,2000,MIN. NELSON JOBIM,RE,[]
58,1525710,2000,MIN. NELSON JOBIM,RE,"['ementa: tribut\xc3\xa1rio', 'tribut\xc3\xa1rio icms', 'icms imunidade', 'imunidade institui\xc3\xa7\xc3\xa3o', 'institui\xc3\xa7\xc3\xa3o fins', 'fins lucrativos', 'lucrativos precedentes', 'precedentes stf', 'stf regimental', 'regimental provido']"
59,1526200,2000,MIN. NELSON JOBIM,RE,[]
60,1529125,2000,MIN. ILMAR GALVÃO,RE,"['ementa: icms', 'icms corre\xc3\x87\xc3\x83o', 'corre\xc3\x87\xc3\x83o monet\xc3\x81ria', 'monet\xc3\x81ria decretos', 'decretos estado', 'estado s\xc3\x83o', 's\xc3\x83o legitimidade', 'legitimidade corre\xc3\xa7\xc3\xa3o', 'corre\xc3\xa7\xc3\xa3o monet\xc3\xa1ria', 'monet\xc3\xa1ria icms', 'icms partir', 'partir d\xc3\xa9cimo', 'd\xc3\xa9cimo dia', 'dia seguinte', 'seguinte apura\xc3\xa7\xc3\xa3o', 'apura\xc3\xa7\xc3\xa3o d\xc3\xa9bito', 'd\xc3\xa9bito fiscal', 'fiscal prevista', 'prevista legisla\xc3\xa7\xc3\xa3o', 'legisla\xc3\xa7\xc3\xa3o paulista', 'paulista conforme', 'conforme reconhecido', 'reconhecido plen\xc3\xa1rio', 'plen\xc3\xa1rio supremo', 'supremo tribunal', 'tribunal federal', 'federal recurso', 'recurso conhecido', 'conhecido desprovido']"
61,1529244,2000,MIN. SEPÚLVEDA PERTENCE,RE,"['ementa: concurso', 'concurso p\xc3\xbablico:', 'p\xc3\xbablico: exig\xc3\xaancia', 'exig\xc3\xaancia incontorn\xc3\xa1vel', 'incontorn\xc3\xa1vel servidor', 'servidor investido', 'investido cargo', 'cargo carreira', 'carreira diversa', 'diversa \xc3\x80', '\xc3\x80 vista', 'vista constitui\xc3\xa7\xc3\xa3o', 'constitui\xc3\xa7\xc3\xa3o consolidou-se', 'consolidou-se definitivamente', 'definitivamente stf', 'stf ressalvado', 'ressalvado exclusivamente', 'exclusivamente provimento', 'provimento derivado', 'derivado mediante', 'mediante promo\xc3\xa7\xc3\xa3o', 'promo\xc3\xa7\xc3\xa3o pressup\xc3\xb5e', 'pressup\xc3\xb5e integra\xc3\xa7\xc3\xa3o', 'integra\xc3\xa7\xc3\xa3o ambos', 'ambos cargos', 'cargos mesma', 'mesma carreira', 'carreira inadmiss\xc3\xadveis', 'inadmiss\xc3\xadveis quaisquer', 'quaisquer outras', 'outras formas', 'formas provimento', 'provimento servidor', 'servidor p\xc3\xbablico', 'p\xc3\xbablico independentemente', 'independentemente concurso', 'concurso p\xc3\xbablico', 'p\xc3\xbablico cargo', 'cargo diverso', 'diverso daquele', 'daquele titular', 'titular qualquer', 'qualquer t\xc3\xadtulo', 't\xc3\xadtulo precedido', 'precedido nova', 'nova investidura', 'investidura processo', 'processo interno', 'interno sele\xc3\xa7\xc3\xa3o', 'sele\xc3\xa7\xc3\xa3o habilita\xc3\xa7\xc3\xa3o:', 'habilita\xc3\xa7\xc3\xa3o: precedentes', 'precedentes constitucional', 'constitucional intertemporal:', 'intertemporal: caso', 'caso adquirido', 'adquirido inexistente', 'inexistente provimento', 'provimento cargo', 'cargo p\xc3\xbablico', 'p\xc3\xbablico antecedido', 'antecedido qualquer', 'qualquer modalidade', 'modalidade sele\xc3\xa7\xc3\xa3o', 'sele\xc3\xa7\xc3\xa3o habilita\xc3\xa7\xc3\xa3o', 'habilita\xc3\xa7\xc3\xa3o candidatos', 'candidatos \xc3\xa9', '\xc3\xa9 procedimento', 'procedimento ato', 'ato final', 'final nomea\xc3\xa7\xc3\xa3o', 'nomea\xc3\xa7\xc3\xa3o equivalente', 'equivalente gera', 'gera posse;', 'posse; antes', 'antes ainda', 'ainda findo', 'findo processo', 'processo seletivo', 'seletivo provimento', 'provimento investidura', 'investidura objeto', 'objeto \xc3\xa9', '\xc3\xa9 curial', 'curial mera', 'mera expectativa', 'expectativa direito:', 'direito: frustra-as', 'frustra-as imediato', 'imediato superveni\xc3\xaancia', 'superveni\xc3\xaancia norma', 'norma constitucional', 'constitucional subordine', 'subordine validade', 'validade provimento', 'provimento cargo', 'cargo processo', 'processo seletivo', 'seletivo diverso', 'diverso concurso', 'concurso p\xc3\xbablico', 'p\xc3\xbablico sendo', 'sendo provimento', 'provimento esperado', 'esperado efeito', 'efeito jur\xc3\xaddico', 'jur\xc3\xaddico ainda', 'ainda futuro', 'futuro sele\xc3\xa7\xc3\xa3o', 'sele\xc3\xa7\xc3\xa3o finda', 'finda sob', 'sob regime', 'regime anterior', 'anterior sequer', 'sequer necess\xc3\xa1rio', 'necess\xc3\xa1rio cogitar', 'cogitar aplicabilidade', 'aplicabilidade imediata', 'imediata retroatividade', 'retroatividade m\xc3\xadnima', 'm\xc3\xadnima constitui\xc3\xa7\xc3\xa3o', 'constitui\xc3\xa7\xc3\xa3o vigente:', 'vigente: simplesmente', 'simplesmente reger\xc3\xa1', 'reger\xc3\xa1 pressupostos', 'pressupostos validade', 'validade ato', 'ato provimento', 'provimento ser', 'ser praticado', 'praticado vig\xc3\xaancia:', 'vig\xc3\xaancia: tempus', 'tempus regit', 'regit actum']"
62,1531828,2000,MIN. NELSON JOBIM,RE,[]
63,1532051,2000,MIN. NELSON JOBIM,RE,[]
64,1532572,2000,MIN. CELSO DE MELLO,RE,"['a: recurso', 'recurso extraordin\xc3\x81rio', 'extraordin\xc3\x81rio a\xc3\x87\xc3\x83o', 'a\xc3\x87\xc3\x83o usucapi\xc3\x83o', 'usucapi\xc3\x83o im\xc3\x93vel', 'im\xc3\x93vel usucapiendo', 'usucapiendo confronta', 'confronta terreno', 'terreno marinha', 'marinha interven\xc3\x87\xc3\x83o', 'interven\xc3\x87\xc3\x83o uni\xc3\x83o', 'uni\xc3\x83o federal', 'federal deslocamento', 'deslocamento causa', 'causa \xc3\x82mbito', '\xc3\x82mbito justi\xc3\x87a', 'justi\xc3\x87a federal', 'federal (cf', '(cf i)', 'i) incompet\xc3\x8ancia', 'incompet\xc3\x8ancia absoluta', 'absoluta tribunal', 'tribunal justi\xc3\x87a', 'justi\xc3\x87a estadual', 'estadual julgar', 'julgar recurso', 'recurso uni\xc3\x83o', 'uni\xc3\x83o federal', 'federal contra', 'contra decis\xc3\x83o', 'decis\xc3\x83o magistrado', 'magistrado local', 'local negou', 'negou remessa', 'remessa processo', 'processo \xc3\x80', '\xc3\x80 justi\xc3\x87a', 'justi\xc3\x87a federal', 'federal recurso', 'recurso extraordin\xc3\x81rio', 'extraordin\xc3\x81rio conhecido', 'conhecido provido', 'provido compet\xc3\x8ancia', 'compet\xc3\x8ancia justi\xc3\x87a', 'justi\xc3\x87a federal', 'federal est\xc3\x81', 'est\xc3\x81 sujeita', 'sujeita regime', 'regime jur\xc3\x8ddico', 'jur\xc3\x8ddico definido', 'definido constitui\xc3\x87\xc3\x83o', 'constitui\xc3\x87\xc3\x83o rep\xc3\x9ablica', 'rep\xc3\x9ablica compet\xc3\xaancia', 'compet\xc3\xaancia outorgada', 'outorgada justi\xc3\xa7a', 'justi\xc3\xa7a federal', 'federal possui', 'possui extra\xc3\xa7\xc3\xa3o', 'extra\xc3\xa7\xc3\xa3o constitucional', 'constitucional reveste-se', 'reveste-se car\xc3\xa1ter', 'car\xc3\xa1ter absoluto', 'absoluto improrrog\xc3\xa1vel', 'improrrog\xc3\xa1vel expondo-se', 'expondo-se unicamente', 'unicamente derroga\xc3\xa7\xc3\xb5es', 'derroga\xc3\xa7\xc3\xb5es fixadas', 'fixadas texto', 'texto constitui\xc3\xa7\xc3\xa3o', 'constitui\xc3\xa7\xc3\xa3o rep\xc3\xbablica', 'rep\xc3\xbablica somente', 'somente \xc3\x80', '\xc3\x80 justi\xc3\x87a', 'justi\xc3\x87a federal', 'federal compete', 'compete dizer', 'dizer determinada', 'determinada causa', 'causa h\xc3\x81', 'h\xc3\x81 n\xc3\x83o', 'n\xc3\x83o interesse', 'interesse uni\xc3\x83o', 'uni\xc3\x83o federal', 'federal legitimidade', 'legitimidade interesse', 'interesse jur\xc3\xaddico', 'jur\xc3\xaddico manifestado', 'manifestado uni\xc3\xa3o', 'uni\xc3\xa3o pode', 'pode ser', 'ser verificada', 'verificada cada', 'cada caso', 'caso ocorrente', 'ocorrente pr\xc3\xb3pria', 'pr\xc3\xb3pria justi\xc3\xa7a', 'justi\xc3\xa7a federal', 'federal (rtj', '(rtj pois', 'pois espec\xc3\xadfico', 'espec\xc3\xadfico fim', 'fim \xc3\xa9', '\xc3\xa9 justi\xc3\xa7a', 'justi\xc3\xa7a federal', 'federal institu\xc3\xadda:', 'institu\xc3\xadda: dizer', 'dizer causa', 'causa interesse', 'interesse jur\xc3\xaddico', 'jur\xc3\xaddico uni\xc3\xa3o', 'uni\xc3\xa3o (rtj', '(rtj ingresso', 'ingresso uni\xc3\xa3o', 'uni\xc3\xa3o federal', 'federal causa', 'causa vindicando', 'vindicando posi\xc3\xa7\xc3\xa3o', 'posi\xc3\xa7\xc3\xa3o processual', 'processual definida', 'definida (rtj', '(rtj gera', 'gera incompet\xc3\xaancia', 'incompet\xc3\xaancia absoluta', 'absoluta justi\xc3\xa7a', 'justi\xc3\xa7a local', 'local (rt', '(rt pois', 'pois inclui', 'inclui esfera', 'esfera atribui\xc3\xa7\xc3\xb5es', 'atribui\xc3\xa7\xc3\xb5es jurisdicionais', 'jurisdicionais magistrados', 'magistrados tribunais', 'tribunais estaduais', 'estaduais poder', 'poder aferir', 'aferir dizer', 'dizer legitimidade', 'legitimidade interesse', 'interesse uni\xc3\xa3o', 'uni\xc3\xa3o federal', 'federal determinado', 'determinado processo', 'processo (rtj', '(rtj interven\xc3\x87\xc3\x83o', 'interven\xc3\x87\xc3\x83o processual', 'processual uni\xc3\x83o', 'uni\xc3\x83o causa', 'causa instaurada', 'instaurada perante', 'perante justi\xc3\x87a', 'justi\xc3\x87a estado-membro:', 'estado-membro: quest\xc3\x83o', 'quest\xc3\x83o atribui\xc3\x87\xc3\x83o', 'atribui\xc3\x87\xc3\x83o julgar', 'julgar recurso', 'recurso contra', 'contra decis\xc3\x83o', 'decis\xc3\x83o magistrado', 'magistrado estadual', 'estadual declinar', 'declinar compet\xc3\x8ancia', 'compet\xc3\x8ancia favor', 'favor justi\xc3\x87a', 'justi\xc3\x87a federal', 'federal declara', 'declara desde', 'desde logo', 'logo inexistir', 'inexistir interess', 'interess jur\xc3\x8ddico', 'jur\xc3\x8ddico uni\xc3\x83o', 'uni\xc3\x83o causa', 'causa compet\xc3\xaancia', 'compet\xc3\xaancia processar', 'processar julgar', 'julgar recurso', 'recurso interposto', 'interposto uni\xc3\xa3o', 'uni\xc3\xa3o federal', 'federal contra', 'contra decis\xc3\xa3o', 'decis\xc3\xa3o magistrado', 'magistrado estadual', 'estadual exerc\xc3\xadcio', 'exerc\xc3\xadcio jurisdi\xc3\xa7\xc3\xa3o', 'jurisdi\xc3\xa7\xc3\xa3o local', 'local reconheceu', 'reconheceu exist\xc3\xaancia', 'exist\xc3\xaancia interesse', 'interesse federal', 'federal causa', 'causa determinou', 'determinou remessa', 'remessa respectivo', 'respectivo processo', 'processo justi\xc3\xa7a', 'justi\xc3\xa7a federal', 'federal tribunal', 'tribunal regional', 'regional federal', 'federal (\xc3\xb3rg\xc3\xa3o', '(\xc3\xb3rg\xc3\xa3o judici\xc3\xa1rio', 'judici\xc3\xa1rio segundo', 'segundo justi\xc3\xa7a', 'justi\xc3\xa7a federal', 'federal comum)', 'comum) incumbe', 'incumbe examinar', 'examinar recurso', 'recurso caso', 'caso invalidar', 'invalidar ato', 'ato decis\xc3\xb3rio', 'decis\xc3\xb3rio apresenta', 'apresenta eivado', 'eivado nulidade', 'nulidade incompet\xc3\xaancia', 'incompet\xc3\xaancia absoluta', 'absoluta prolator', 'prolator precedentes', 'precedentes (stf)']"
65,1532740,2000,MIN. NÉRI DA SILVEIRA,AI,"['a: agravo', 'agravo instrumento', 'instrumento certid\xc3\x83o', 'certid\xc3\x83o publica\xc3\x87\xc3\x83o', 'publica\xc3\x87\xc3\x83o ac\xc3\x93rd\xc3\x83o', 'ac\xc3\x93rd\xc3\x83o recorrido', 'recorrido pe\xc3\x87a', 'pe\xc3\x87a traslado', 'traslado obrigat\xc3\x93rio', 'obrigat\xc3\x93rio aus\xc3\x8ancia', 'aus\xc3\x8ancia controle', 'controle tempestividade', 'tempestividade recurso', 'recurso extraordin\xc3\x81rio', 'extraordin\xc3\x81rio alega\xc3\x87\xc3\x83o', 'alega\xc3\x87\xc3\x83o ofensa', 'ofensa dispositivos', 'dispositivos constitucionais', 'constitucionais inocorr\xc3\x8ancia', 'inocorr\xc3\x8ancia recurso', 'recurso improvido', 'improvido parte', 'parte agravante', 'agravante promova', 'promova integral', 'integral forma\xc3\xa7\xc3\xa3o', 'forma\xc3\xa7\xc3\xa3o instrumento', 'instrumento apresenta\xc3\xa7\xc3\xa3o', 'apresenta\xc3\xa7\xc3\xa3o todas', 'todas pe\xc3\xa7as', 'pe\xc3\xa7as devem', 'devem constar', 'constar obrigatoriamente', 'obrigatoriamente torna-se', 'torna-se invi\xc3\xa1vel', 'invi\xc3\xa1vel conhecer', 'conhecer recurso', 'recurso agravo', 'agravo cabendo', 'cabendo enfatizar', 'enfatizar composi\xc3\xa7\xc3\xa3o', 'composi\xc3\xa7\xc3\xa3o traslado', 'traslado deve', 'deve processar-se', 'processar-se necessariamente', 'necessariamente perante', 'perante tribunal', 'tribunal quo', 'quo tardiamente', 'tardiamente perante', 'perante supremo', 'supremo tribunal', 'tribunal federal', 'federal precedentes', 'precedentes exig\xc3\xaancia', 'exig\xc3\xaancia imposta', 'imposta fixada', 'fixada jurisprud\xc3\xaancia', 'jurisprud\xc3\xaancia supremo', 'supremo tribunal', 'tribunal federal', 'federal imp\xc3\xb5e', 'imp\xc3\xb5e parte', 'parte agravante', 'agravante dever', 'dever apresentar', 'apresentar todas', 'todas pe\xc3\xa7as', 'pe\xc3\xa7as reputadas', 'reputadas indispens\xc3\xa1veis', 'indispens\xc3\xa1veis forma\xc3\xa7\xc3\xa3o', 'forma\xc3\xa7\xc3\xa3o traslado', 'traslado ofende', 'ofende princ\xc3\xadpio', 'princ\xc3\xadpio legalidade', 'legalidade (cf', '(cf ii)', 'ii) postulado', 'postulado due', 'due process', 'process of', 'of law', 'law (cf', '(cf liv)', 'liv) cl\xc3\xa1usulas', 'cl\xc3\xa1usulas constitucionais', 'constitucionais inerentes', 'inerentes garantias', 'garantias ampla', 'ampla defesa', 'defesa (cf', '(cf lv)', 'lv) devida', 'devida presta\xc3\xa7\xc3\xa3o', 'presta\xc3\xa7\xc3\xa3o jurisdicional', 'jurisdicional (cf', '(cf xxxv)', 'xxxv) precedentes', 'precedentes tratando-se', 'tratando-se recurso', 'recurso extraordin\xc3\xa1rio', 'extraordin\xc3\xa1rio compete', 'compete supremo', 'supremo tribunal', 'tribunal federal', 'federal tribunal', 'tribunal apenas', 'apenas reconhecimento', 'reconhecimento definitivo', 'definitivo sobre', 'sobre tempestividade', 'tempestividade meio', 'meio excepcional', 'excepcional impugna\xc3\xa7\xc3\xa3o', 'impugna\xc3\xa7\xc3\xa3o recursal']"
66,1533630,2000,MIN. NELSON JOBIM,RE,"['ementa: tribut\xc3\xa1rio', 'tribut\xc3\xa1rio corre\xc3\xa7\xc3\xa3o', 'corre\xc3\xa7\xc3\xa3o monet\xc3\xa1ria', 'monet\xc3\xa1ria d\xc3\xa9bito', 'd\xc3\xa9bito tribut\xc3\xa1rio', 'tribut\xc3\xa1rio local', 'local ofensa', 'ofensa indireta', 'indireta cf', 'cf regimental', 'regimental provido']"
67,1534084,2000,MIN. SYDNEY SANCHES,RE,[]
68,1534702,2000,MIN. OCTAVIO GALLOTTI,RE,[]
69,1536765,2000,MIN. OCTAVIO GALLOTTI,RE,[]
70,1536779,2000,MIN. MARCO AURÉLIO,AI,[]
71,1536853,2000,MIN. ILMAR GALVÃO,RE,"['ementa: constitucional', 'constitucional estado', 'estado maranh\xc3\x83o', 'maranh\xc3\x83o a\xc3\x87\xc3\x83o', 'a\xc3\x87\xc3\x83o declarat\xc3\x93ria', 'declarat\xc3\x93ria inconstitucionalidade', 'inconstitucionalidade omiss\xc3\x83o', 'omiss\xc3\x83o medida', 'medida tornar', 'tornar efetiva', 'efetiva norma', 'norma carta', 'carta estadual', 'estadual ac\xc3\x93rd\xc3\x83o', 'ac\xc3\x93rd\xc3\x83o tribunal', 'tribunal justi\xc3\x87a', 'justi\xc3\x87a local', 'local declinat\xc3\x93rio', 'declinat\xc3\x93rio compet\xc3\x8ancia', 'compet\xc3\x8ancia supremo', 'supremo tribunal', 'tribunal federal', 'federal alegada', 'alegada ofensa', 'ofensa arts', 'arts a;', 'a; \xc2\xa7', '\xc2\xa7 xxxv', 'xxxv constitui\xc3\x87\xc3\x83o', 'constitui\xc3\x87\xc3\x83o federal', 'federal a\xc3\xa7\xc3\xa3o', 'a\xc3\xa7\xc3\xa3o carta', 'carta pol\xc3\xadtica', 'pol\xc3\xadtica estado', 'estado maranh\xc3\xa3o', 'maranh\xc3\xa3o conformidade', 'conformidade \xc2\xa7', '\xc2\xa7 cf', 'cf incluiu', 'incluiu compet\xc3\xaancia', 'compet\xc3\xaancia tribunal', 'tribunal justi\xc3\xa7a', 'justi\xc3\xa7a (art', '(art \xc2\xa7', '\xc2\xa7 i)', 'i) recurso', 'recurso extraordin\xc3\xa1rio', 'extraordin\xc3\xa1rio conhecido', 'conhecido provido']"
72,1537757,2000,MIN. SEPÚLVEDA PERTENCE,RE,"['compet\xc3\x8ancia servidores', 'servidores regime', 'regime consolida\xc3\x87\xc3\x83o', 'consolida\xc3\x87\xc3\x83o leis', 'leis trabalho', 'trabalho compet\xc3\xaancia', 'compet\xc3\xaancia dirimir', 'dirimir lides', 'lides envolvam', 'envolvam servidores', 'servidores admitidos', 'admitidos regime', 'regime consolida\xc3\xa7\xc3\xa3o', 'consolida\xc3\xa7\xc3\xa3o leis', 'leis trabalho', 'trabalho estado-membro', 'estado-membro justi\xc3\xa7a', 'justi\xc3\xa7a trabalho', 'trabalho pouco', 'pouco importando', 'importando reivindicado', 'reivindicado sido', 'sido outorgado', 'outorgado mediante', 'mediante norma', 'norma estadual']"
73,1539586,2000,MIN. ILMAR GALVÃO,RE,"['ementa: tribut\xc3\x81rio', 'tribut\xc3\x81rio d\xc3\x89bito', 'd\xc3\x89bito atualizado', 'atualizado base', 'base \xc3\x8dndices', '\xc3\x8dndices corre\xc3\x87\xc3\x83o', 'corre\xc3\x87\xc3\x83o monet\xc3\x81ria', 'monet\xc3\x81ria fixados', 'fixados superveniente', 'superveniente alegada', 'alegada ofensa', 'ofensa xxxvi', 'xxxvi constitui\xc3\x87\xc3\x83o', 'constitui\xc3\x87\xc3\x83o federal', 'federal alega\xc3\xa7\xc3\xa3o', 'alega\xc3\xa7\xc3\xa3o improcedente', 'improcedente ante', 'ante princ\xc3\xadpio', 'princ\xc3\xadpio existe', 'existe adquirido', 'adquirido \xc3\xadndice', '\xc3\xadndice corre\xc3\xa7\xc3\xa3o', 'corre\xc3\xa7\xc3\xa3o monet\xc3\xa1ria', 'monet\xc3\xa1ria recurso', 'recurso conhecido', 'conhecido provido']"
74,1540348,2000,MIN. NELSON JOBIM,RE,[]
75,1540647,2000,MIN. MOREIRA ALVES,AI,[]
76,1544658,2000,MIN. ILMAR GALVÃO,ADI,[]
77,1545208,2000,MIN. SEPÚLVEDA PERTENCE,RE,"['ementa: irretroatividade', 'irretroatividade lei:', 'lei: garantia', 'garantia constitucional', 'constitucional xxxvi', 'xxxvi cf', 'cf \xc3\xa9', '\xc3\xa9 invoc\xc3\xa1vel', 'invoc\xc3\xa1vel entidade', 'entidade estatal', 'estatal autarquias', 'autarquias subtrair-se', 'subtrair-se efic\xc3\xa1cia', 'efic\xc3\xa1cia retroativa', 'retroativa pr\xc3\xb3pria', 'pr\xc3\xb3pria editada']"
78,1545874,2000,MIN. SEPÚLVEDA PERTENCE,RE,[]
79,1545936,2000,MIN. NÉRI DA SILVEIRA,RE,[]
80,1546185,2000,MIN. MOREIRA ALVES,RE,"['ementa: icms', 'icms corre\xc3\xa7\xc3\xa3o', 'corre\xc3\xa7\xc3\xa3o monet\xc3\xa1ria', 'monet\xc3\xa1ria convers\xc3\xa3o', 'convers\xc3\xa3o d\xc3\xa9bito', 'd\xc3\xa9bito unidades', 'unidades fiscais', 'fiscais (ufesp)', '(ufesp) estado', 'estado plen\xc3\xa1rio', 'plen\xc3\xa1rio corte', 'corte julgar', 'julgar rree', 'rree acolheu', 'acolheu alega\xc3\xa7\xc3\xa3o', 'alega\xc3\xa7\xc3\xa3o ofensa', 'ofensa princ\xc3\xadpio', 'princ\xc3\xadpio constitucional', 'constitucional legalidade', 'legalidade quest\xc3\xb5es', 'quest\xc3\xb5es relativas', 'relativas princ\xc3\xadpio', 'princ\xc3\xadpio constitucional', 'constitucional veda\xc3\xa7\xc3\xa3o', 'veda\xc3\xa7\xc3\xa3o delega\xc3\xa7\xc3\xa3o', 'delega\xc3\xa7\xc3\xa3o poderes', 'poderes alega\xc3\xa7\xc3\xa3o', 'alega\xc3\xa7\xc3\xa3o viola\xc3\xa7\xc3\xa3o', 'viola\xc3\xa7\xc3\xa3o \xc2\xa7', '\xc2\xa7 adct', 'adct prequestionadas', 'prequestionadas (s\xc3\xbamulas', '(s\xc3\xbamulas recurso', 'recurso extraordin\xc3\xa1rio', 'extraordin\xc3\xa1rio conhecido']"
81,1549167,2000,MIN. NÉRI DA SILVEIRA,RE,"['ementa: recurso', 'recurso extraordin\xc3\xa1rio', 'extraordin\xc3\xa1rio ato', 'ato disposi\xc3\xa7\xc3\xb5es', 'disposi\xc3\xa7\xc3\xb5es constitucionais', 'constitucionais transit\xc3\xb3rias', 'transit\xc3\xb3rias pagamento', 'pagamento parcelado', 'parcelado precat\xc3\xb3rios', 'precat\xc3\xb3rios pendentes', 'pendentes pagamento', 'pagamento data', 'data constitui\xc3\xa7\xc3\xa3o', 'constitui\xc3\xa7\xc3\xa3o d\xc3\xa9bitos', 'd\xc3\xa9bitos relativos', 'relativos desapropria\xc3\xa7\xc3\xa3o', 'desapropria\xc3\xa7\xc3\xa3o adct', 'adct somente', 'somente aplica', 'aplica cr\xc3\xa9ditos', 'cr\xc3\xa9ditos natureza', 'natureza aliment\xc3\xadcia', 'aliment\xc3\xadcia cr\xc3\xa9ditos', 'cr\xc3\xa9ditos referentes', 'referentes desapropria\xc3\xa7\xc3\xa3o', 'desapropria\xc3\xa7\xc3\xa3o inclu\xc3\xaddos', 'inclu\xc3\xaddos \xc3\xa2mbito', '\xc3\xa2mbito adct', 'adct recurso', 'recurso extraordin\xc3\xa1rio', 'extraordin\xc3\xa1rio conhecido', 'conhecido provido']"
82,1549178,2000,MIN. MAURÍCIO CORRÊA,MI,[]
83,1549450,2000,MIN. NELSON JOBIM,AI,"['ementa: recurso', 'recurso admitido', 'admitido aus\xc3\xaancia', 'aus\xc3\xaancia prequestionamento', 'prequestionamento (s\xc3\xbamula', '(s\xc3\xbamula agravante', 'agravante afastou', 'afastou fundamentos', 'fundamentos despacho', 'despacho agravado', 'agravado regimental', 'regimental provido']"
84,1550366,2000,MIN. NÉRI DA SILVEIRA,RE,"['ementa: recurso', 'recurso extraordin\xc3\xa1rio', 'extraordin\xc3\xa1rio inadmitido', 'inadmitido servidor', 'servidor p\xc3\xbablico', 'p\xc3\xbablico admitido', 'admitido poder', 'poder executivo', 'executivo estadual', 'estadual concurso', 'concurso p\xc3\xbablico', 'p\xc3\xbablico redistribui\xc3\xa7\xc3\xa3o', 'redistribui\xc3\xa7\xc3\xa3o assembl\xc3\xa9ia', 'assembl\xc3\xa9ia legislativa', 'legislativa efetiva\xc3\xa7\xc3\xa3o', 'efetiva\xc3\xa7\xc3\xa3o carreira', 'carreira ato', 'ato mesa', 'mesa legislativa', 'legislativa anula\xc3\xa7\xc3\xa3o', 'anula\xc3\xa7\xc3\xa3o ato', 'ato inobserv\xc3\xa2ncia', 'inobserv\xc3\xa2ncia constitui\xc3\xa7\xc3\xa3o', 'constitui\xc3\xa7\xc3\xa3o federal', 'federal precedentes', 'precedentes stf', 'stf agravo', 'agravo regimental', 'regimental infirma', 'infirma fundamentos', 'fundamentos decis\xc3\xa3o', 'decis\xc3\xa3o agravo', 'agravo regimental', 'regimental nega', 'nega provimento']"
85,1551474,2000,MIN. MOREIRA ALVES,RE,"['ementa: cabimento', 'cabimento recurso', 'recurso especial', 'especial contra', 'contra decis\xc3\xa3o', 'decis\xc3\xa3o interlocut\xc3\xb3ria', 'interlocut\xc3\xb3ria \xc3\xbanica', '\xc3\xbanica \xc3\xbaltima', '\xc3\xbaltima inst\xc3\xa2ncia', 'inst\xc3\xa2ncia express\xc3\xa3o', 'express\xc3\xa3o ""causas', '""causas decididas', 'decididas \xc3\xbanica', '\xc3\xbanica \xc3\xbaltima', '\xc3\xbaltima inst\xc3\xa2ncia""', 'inst\xc3\xa2ncia"" encontra', 'encontra tanto', 'tanto inciso', 'inciso quanto', 'quanto inciso', 'inciso ambos', 'ambos constitui\xc3\xa7\xc3\xa3o', 'constitui\xc3\xa7\xc3\xa3o atual', 'atual consubstancia', 'consubstancia requisitos', 'requisitos admissibilidade', 'admissibilidade recurso', 'recurso extraordin\xc3\xa1rio', 'extraordin\xc3\xa1rio recurso', 'recurso especial', 'especial distinguir', 'distinguir decis\xc3\xa3o', 'decis\xc3\xa3o interlocut\xc3\xb3ria', 'interlocut\xc3\xb3ria decis\xc3\xa3o', 'decis\xc3\xa3o extingue', 'extingue processo', 'processo abarca', 'abarca outra', 'outra desde', 'desde tomadas', 'tomadas \xc3\xbanica', '\xc3\xbanica \xc3\xbaltima', '\xc3\xbaltima inst\xc3\xa2ncia', 'inst\xc3\xa2ncia \xc3\xa9', '\xc3\xa9 entendimento', 'entendimento longa', 'longa data', 'data firmou', 'firmou nesta', 'nesta corte', 'corte onde', 'onde face', 'face constitui\xc3\xa7\xc3\xb5es', 'constitui\xc3\xa7\xc3\xb5es anteriores', 'anteriores utilizavam', 'utilizavam mesma', 'mesma express\xc3\xa3o', 'express\xc3\xa3o refer\xc3\xaancia', 'refer\xc3\xaancia recurso', 'recurso extraordin\xc3\xa1rio', 'extraordin\xc3\xa1rio prolataram', 'prolataram decis\xc3\xb5es', 'decis\xc3\xb5es invocadas', 'invocadas ora', 'ora recorrentes', 'recorrentes sentido', 'sentido cabe', 'cabe recurso', 'recurso ""contra', '""contra decis\xc3\xa3o', 'decis\xc3\xa3o interlocut\xc3\xb3ria', 'interlocut\xc3\xb3ria proferida', 'proferida agravo', 'agravo desde', 'desde definitiva""', 'definitiva"" (re', '(re ""contra', '""contra decis\xc3\xa3o', 'decis\xc3\xa3o proferida', 'proferida agravo', 'agravo contra', 'contra decis\xc3\xa3o', 'decis\xc3\xa3o interlocut\xc3\xb3ria', 'interlocut\xc3\xb3ria desde', 'desde definitiva""', 'definitiva"" (ai', '(ai ""de', '""de decis\xc3\xa3o', 'decis\xc3\xa3o car\xc3\xa1ter', 'car\xc3\xa1ter interlocut\xc3\xb3rio', 'interlocut\xc3\xb3rio configura', 'configura quest\xc3\xa3o', 'quest\xc3\xa3o federal', 'federal encerrada', 'encerrada definitivamente', 'definitivamente inst\xc3\xa2ncias', 'inst\xc3\xa2ncias locais""', 'locais"" (re', '(re ali\xc3\xa1s', 'ali\xc3\xa1s nessa', 'nessa linha', 'linha pr\xc3\xb3prio', 'pr\xc3\xb3prio stj', 'stj posteriormente', 'posteriormente ac\xc3\xb3rd\xc3\xa3o', 'ac\xc3\xb3rd\xc3\xa3o ora', 'ora sob', 'sob julgamento', 'julgamento editou', 'editou s\xc3\xbamula', 's\xc3\xbamula (""cabe', '(""cabe recurso', 'recurso especial', 'especial contra', 'contra ac\xc3\xb3rd\xc3\xa3o', 'ac\xc3\xb3rd\xc3\xa3o proferido', 'proferido julgamento', 'julgamento agravo', 'agravo instrumento"")', 'instrumento"") introduziu', 'introduziu p', 'p \xc2\xa7', '\xc2\xa7 determina', 'determina reten\xc3\xa7\xc3\xa3o', 'reten\xc3\xa7\xc3\xa3o recurso', 'recurso extraordin\xc3\xa1rio', 'extraordin\xc3\xa1rio recurso', 'recurso especial', 'especial interpostos', 'interpostos contra', 'contra decis\xc3\xa3o', 'decis\xc3\xa3o interlocut\xc3\xb3ria', 'interlocut\xc3\xb3ria orienta\xc3\xa7\xc3\xa3o', 'orienta\xc3\xa7\xc3\xa3o divergiu', 'divergiu aresto', 'aresto recorrido', 'recorrido recurso', 'recurso extraordin\xc3\xa1rio', 'extraordin\xc3\xa1rio conhecido', 'conhecido provido']"
86,1552005,2000,MIN. SYDNEY SANCHES,RE,[]
87,1552170,2000,MIN. MOREIRA ALVES,RE,"['ementa: icms', 'icms corre\xc3\xa7\xc3\xa3o', 'corre\xc3\xa7\xc3\xa3o monet\xc3\xa1ria', 'monet\xc3\xa1ria convers\xc3\xa3o', 'convers\xc3\xa3o d\xc3\xa9bito', 'd\xc3\xa9bito unidades', 'unidades fiscais', 'fiscais (ufesp)', '(ufesp) estado', 'estado plen\xc3\xa1rio', 'plen\xc3\xa1rio corte', 'corte julgar', 'julgar rree', 'rree acolheu', 'acolheu alega\xc3\xa7\xc3\xb5es', 'alega\xc3\xa7\xc3\xb5es ofensa', 'ofensa princ\xc3\xadpios', 'princ\xc3\xadpios constitucionais', 'constitucionais legalidade', 'legalidade veda\xc3\xa7\xc3\xa3o', 'veda\xc3\xa7\xc3\xa3o delega\xc3\xa7\xc3\xa3o', 'delega\xc3\xa7\xc3\xa3o poderes', 'poderes julgamento', 'julgamento acolheu', 'acolheu alega\xc3\xa7\xc3\xa3o', 'alega\xc3\xa7\xc3\xa3o ofensa', 'ofensa princ\xc3\xadpio', 'princ\xc3\xadpio constitucional', 'constitucional n\xc3\xa3o-cumulatividade', 'n\xc3\xa3o-cumulatividade recurso', 'recurso extraordin\xc3\xa1rio', 'extraordin\xc3\xa1rio conhecido', 'conhecido letra', 'letra ""c""', '""c"" inciso', 'inciso constitui\xc3\xa7\xc3\xa3o', 'constitui\xc3\xa7\xc3\xa3o provido']"
88,1552289,2000,MIN. MOREIRA ALVES,RE,"['ementa: professor', 'professor concurso', 'concurso remo\xc3\xa7\xc3\xa3o', 'remo\xc3\xa7\xc3\xa3o decreto', 'decreto estadual', 'estadual recep\xc3\xa7\xc3\xa3o', 'recep\xc3\xa7\xc3\xa3o face', 'face disposto', 'disposto adct', 'adct constitui\xc3\xa7\xc3\xa3o', 'constitui\xc3\xa7\xc3\xa3o federal', 'federal saber', 'saber citado', 'citado dispositivo', 'dispositivo decreto', 'decreto estadual', 'estadual recebido', 'recebido atual', 'atual constitui\xc3\xa7\xc3\xa3o', 'constitui\xc3\xa7\xc3\xa3o face', 'face preceituado', 'preceituado adct', 'adct \xc3\xa9', '\xc3\xa9 quest\xc3\xa3o', 'quest\xc3\xa3o constitucional', 'constitucional caso', 'caso ser', 'ser estabilidade', 'estabilidade servi\xc3\xa7o', 'servi\xc3\xa7o p\xc3\xbablico', 'p\xc3\xbablico impede', 'impede sido', 'sido recebido', 'recebido decreto', 'decreto permite', 'permite aulas', 'aulas classes', 'classes comp\xc3\xb5em', 'comp\xc3\xb5em jornada', 'jornada parcial', 'parcial trabalho', 'trabalho docentes', 'docentes est\xc3\xa1veis', 'est\xc3\xa1veis oferecidas', 'oferecidas concurso', 'concurso remo\xc3\xa7\xc3\xa3o', 'remo\xc3\xa7\xc3\xa3o ingresso', 'ingresso adotar', 'adotar interpreta\xc3\xa7\xc3\xa3o', 'interpreta\xc3\xa7\xc3\xa3o extensiva', 'extensiva quanto', 'quanto decreto', 'decreto \xc3\xa9', '\xc3\xa9 quest\xc3\xa3o', 'quest\xc3\xa3o situa', 'situa \xc3\xa2mbito', '\xc3\xa2mbito interpreta\xc3\xa7\xc3\xa3o', 'interpreta\xc3\xa7\xc3\xa3o local', 'local dando', 'dando margem', 'margem assim', 'assim cabimento', 'cabimento recurso', 'recurso extraordin\xc3\xa1rio', 'extraordin\xc3\xa1rio prop\xc3\xb3sito', 'prop\xc3\xb3sito inexist\xc3\xaancia', 'inexist\xc3\xaancia ofensa', 'ofensa princ\xc3\xadpio', 'princ\xc3\xadpio constitucional', 'constitucional isonomia', 'isonomia falta', 'falta prequestionamento', 'prequestionamento quest\xc3\xa3o', 'quest\xc3\xa3o relativa', 'relativa constitui\xc3\xa7\xc3\xa3o', 'constitui\xc3\xa7\xc3\xa3o federal', 'federal recurso', 'recurso extraordin\xc3\xa1rio', 'extraordin\xc3\xa1rio conhecido']"
89,1553152,2000,MIN. SEPÚLVEDA PERTENCE,RE,"['ementa: compet\xc3\xaancia:', 'compet\xc3\xaancia: justi\xc3\xa7a', 'justi\xc3\xa7a trabalho:', 'trabalho: complementa\xc3\xa7\xc3\xa3o', 'complementa\xc3\xa7\xc3\xa3o aposentadoria:', 'aposentadoria: pretens\xc3\xa3o', 'pretens\xc3\xa3o fundada', 'fundada norma', 'norma regulamentar', 'regulamentar integrante', 'integrante contrato', 'contrato trabalho']"
90,1553461,2000,MIN. MOREIRA ALVES,RE,"['ementa: empr\xc3\xa9stimo', 'empr\xc3\xa9stimo micro', 'micro pequeno', 'pequeno empres\xc3\xa1rio', 'empres\xc3\xa1rio alega\xc3\xa7\xc3\xa3o', 'alega\xc3\xa7\xc3\xa3o ofensa', 'ofensa adct', 'adct tendo', 'tendo ac\xc3\xb3rd\xc3\xa3o', 'ac\xc3\xb3rd\xc3\xa3o recorrido', 'recorrido entendido', 'entendido quest\xc3\xa3o', 'quest\xc3\xa3o relativa', 'relativa prazo', 'prazo estabelecido', 'estabelecido inciso', 'inciso adct', 'adct preclusa', 'preclusa violou', 'violou dispositivo', 'dispositivo chegou', 'chegou ser', 'ser examinado', 'examinado haver', 'haver ficado', 'ficado preliminar', 'preliminar processual', 'processual infraconstitucional', 'infraconstitucional recorrente', 'recorrente comprovou', 'comprovou afirma\xc3\xa7\xc3\xa3o', 'afirma\xc3\xa7\xc3\xa3o recorrida', 'recorrida dispunha', 'dispunha meios', 'meios pagamento', 'pagamento d\xc3\xa9bito', 'd\xc3\xa9bito pode', 'pode pretender', 'pretender sido', 'sido ofendido', 'ofendido dispositivo', 'dispositivo constitucional', 'constitucional exige', 'exige circunst\xc3\xa2ncia', 'circunst\xc3\xa2ncia demonstrada', 'demonstrada institui\xc3\xa7\xc3\xa3o', 'institui\xc3\xa7\xc3\xa3o credora', 'credora quest\xc3\xb5es', 'quest\xc3\xb5es processuais', 'processuais sobre', 'sobre via', 'via utilizada', 'utilizada dep\xc3\xb3sito', 'dep\xc3\xb3sito efeito', 'efeito disposto', 'disposto inciso', 'inciso par\xc3\xa1grafo', 'par\xc3\xa1grafo adct', 'adct situam', 'situam \xc3\xa2mbito', '\xc3\xa2mbito processual', 'processual infraconstitucional', 'infraconstitucional chegar', 'chegar alegada', 'alegada viola\xc3\xa7\xc3\xa3o', 'viola\xc3\xa7\xc3\xa3o dispositivo', 'dispositivo constitucional', 'constitucional \xc3\xa9', '\xc3\xa9 necess\xc3\xa1rio', 'necess\xc3\xa1rio exame', 'exame pr\xc3\xa9vio', 'pr\xc3\xa9vio implica', 'implica dizer', 'dizer tal', 'tal alega\xc3\xa7\xc3\xa3o', 'alega\xc3\xa7\xc3\xa3o \xc3\xa9', '\xc3\xa9 ofensa', 'ofensa indireta', 'indireta reflexa', 'reflexa carta', 'carta magna', 'magna dando', 'dando margem', 'margem assim', 'assim cabimento', 'cabimento recurso', 'recurso extraordin\xc3\xa1rio', 'extraordin\xc3\xa1rio recurso', 'recurso extraordin\xc3\xa1rio', 'extraordin\xc3\xa1rio conhecido']"
91,1553602,2000,MIN. NÉRI DA SILVEIRA,RE,"['ementa: recurso', 'recurso extraordin\xc3\x81rio', 'extraordin\xc3\x81rio precat\xc3\x93rio', 'precat\xc3\x93rio pagamento', 'pagamento parcelado', 'parcelado adct', 'adct regra', 'regra adct', 'adct aplica-se', 'aplica-se todos', 'todos precat\xc3\xb3rios', 'precat\xc3\xb3rios judiciais', 'judiciais pendentes', 'pendentes pagamento', 'pagamento data', 'data promulga\xc3\xa7\xc3\xa3o', 'promulga\xc3\xa7\xc3\xa3o nova', 'nova carta', 'carta salvo', 'salvo quanto', 'quanto cr\xc3\xa9ditos', 'cr\xc3\xa9ditos natureza', 'natureza alimentar', 'alimentar precedentes', 'precedentes recurso', 'recurso extraordin\xc3\xa1rio', 'extraordin\xc3\xa1rio conhecido', 'conhecido provido']"
92,1554141,2000,MIN. NÉRI DA SILVEIRA,RE,[]
93,1554197,2000,MIN. OCTAVIO GALLOTTI,RE,[]
94,1555476,2000,MIN. NELSON JOBIM,RE,[]
95,1555917,2000,MIN. NÉRI DA SILVEIRA,RE,"['ementa: recurso', 'recurso extraordin\xc3\xa1rio', 'extraordin\xc3\xa1rio inadmitido', 'inadmitido cabe', 'cabe ver', 'ver ofensa', 'ofensa via', 'via reflexa', 'reflexa normas', 'normas constitucionais', 'constitucionais fins', 'fins recurso', 'recurso extraordin\xc3\xa1rio', 'extraordin\xc3\xa1rio dar', 'dar vulnera\xc3\xa7\xc3\xa3o', 'vulnera\xc3\xa7\xc3\xa3o regra', 'regra constitucional', 'constitucional mister', 'mister faz', 'faz primeiro', 'primeiro verificar', 'verificar negativa', 'negativa vig\xc3\xaancia', 'vig\xc3\xaancia norma', 'norma infraconstitucional', 'infraconstitucional \xc3\xbaltima', '\xc3\xbaltima \xc3\xa9', '\xc3\xa9 conta', 'conta efeitos', 'efeitos maior', 'maior falta', 'falta prequestionamento', 'prequestionamento dispositivo', 'dispositivo constitucional', 'constitucional tido', 'tido violado', 'violado agravo', 'agravo regimental', 'regimental desprovido']"
96,1555973,2000,MIN. SEPÚLVEDA PERTENCE,RE,"['ementa: servidor', 'servidor p\xc3\xbablico:', 'p\xc3\xbablico: escala', 'escala vencimentos:', 'vencimentos: alega\xc3\xa7\xc3\xa3o', 'alega\xc3\xa7\xc3\xa3o contrariedade', 'contrariedade xi', 'xi cf', 'cf (reda\xc3\xa7\xc3\xa3o', '(reda\xc3\xa7\xc3\xa3o anterior', 'anterior ec', 'ec improced\xc3\xaancia', 'improced\xc3\xaancia xi', 'xi constitui\xc3\xa7\xc3\xa3o', 'constitui\xc3\xa7\xc3\xa3o (reda\xc3\xa7\xc3\xa3o', '(reda\xc3\xa7\xc3\xa3o anterior', 'anterior ec', 'ec nada', 'nada ver', 'ver tema', 'tema vincula\xc3\xa7\xc3\xa3o', 'vincula\xc3\xa7\xc3\xa3o vencimentos', 'vencimentos cabe', 'cabe invoc\xc3\xa1-lo', 'invoc\xc3\xa1-lo portanto', 'portanto contra', 'contra predeterminado', 'predeterminado diferen\xc3\xa7a', 'diferen\xc3\xa7a diversos', 'diversos n\xc3\xadveis', 'n\xc3\xadveis escala', 'escala remunerat\xc3\xb3ria', 'remunerat\xc3\xb3ria quanto', 'quanto constitui\xc3\xa7\xc3\xa3o', 'constitui\xc3\xa7\xc3\xa3o alega\xc3\xa7\xc3\xa3o', 'alega\xc3\xa7\xc3\xa3o deduzida', 'deduzida exigiria', 'exigiria exame', 'exame fatos', 'fatos sequer', 'sequer considerados', 'considerados ac\xc3\xb3rd\xc3\xa3o', 'ac\xc3\xb3rd\xc3\xa3o recorrido']"
97,1556480,2000,MIN. OCTAVIO GALLOTTI,RE,[]
98,1556897,2000,MIN. NELSON JOBIM,RE,"['ementa: indica\xc3\xa7\xc3\xa3o', 'indica\xc3\xa7\xc3\xa3o err\xc3\xb4nea', 'err\xc3\xb4nea dispositivo', 'dispositivo constitucional', 'constitucional tido', 'tido violado', 'violado \xc3\x93bice', '\xc3\x93bice ristf', 'ristf fundamento', 'fundamento afastado', 'afastado agravante', 'agravante regimental', 'regimental provido']"
99,1557294,2000,MIN. MOREIRA ALVES,MS,"['ementa: mandado', 'mandado seguran\xc3\xa7a', 'seguran\xc3\xa7a tendo', 'tendo sido', 'sido editado', 'editado decreto', 'decreto garantiu', 'garantiu contradit\xc3\xb3rio', 'contradit\xc3\xb3rio ampla', 'ampla defesa', 'defesa propriet\xc3\xa1rios', 'propriet\xc3\xa1rios im\xc3\xb3veis', 'im\xc3\xb3veis demarcados', 'demarcados terras', 'terras ind\xc3\xadgenas', 'ind\xc3\xadgenas desde', 'desde decreto', 'decreto homologat\xc3\xb3rio', 'homologat\xc3\xb3rio sido', 'sido objeto', 'objeto registro', 'registro cart\xc3\xb3rio', 'cart\xc3\xb3rio imobili\xc3\xa1rio', 'imobili\xc3\xa1rio secretaria', 'secretaria patrim\xc3\xb4nio', 'patrim\xc3\xb4nio uni\xc3\xa3o', 'uni\xc3\xa3o minist\xc3\xa9rio', 'minist\xc3\xa9rio fazenda', 'fazenda portanto', 'portanto estando', 'estando ainda', 'ainda curso', 'curso demarca\xc3\xa7\xc3\xa3o', 'demarca\xc3\xa7\xc3\xa3o ficaram', 'ficaram prejudicados', 'prejudicados incidente', 'incidente inconstitucionalidade', 'inconstitucionalidade relativamente', 'relativamente decreto', 'decreto alega\xc3\xa7\xc3\xa3o', 'alega\xc3\xa7\xc3\xa3o cerceamento', 'cerceamento defesa', 'defesa (assim', '(assim t\xc3\xadtulo', 't\xc3\xadtulo exemplo', 'exemplo ms', 'ms corte', 'corte vem', 'vem acentuando', 'acentuando comprova\xc3\xa7\xc3\xa3o', 'comprova\xc3\xa7\xc3\xa3o contestada', 'contestada caso', 'caso inexist\xc3\xaancia', 'inexist\xc3\xaancia posse', 'posse ind\xc3\xadgena', 'ind\xc3\xadgena faz', 'faz plano', 'plano contr\xc3\xa1rio', 'contr\xc3\xa1rio necessita', 'necessita produ\xc3\xa7\xc3\xa3o', 'produ\xc3\xa7\xc3\xa3o provas', 'provas inclusive', 'inclusive pericial', 'pericial sendo', 'sendo assim', 'assim quest\xc3\xa3o', 'quest\xc3\xa3o fato', 'fato controvertida', 'controvertida insuscept\xc3\xadvel', 'insuscept\xc3\xadvel ser', 'ser apreciada', 'apreciada mandado', 'mandado seguran\xc3\xa7a', 'seguran\xc3\xa7a exige', 'exige certeza', 'certeza liquidez', 'liquidez mandado', 'mandado seguran\xc3\xa7a', 'seguran\xc3\xa7a julga', 'julga prejudicado', 'prejudicado parte', 'parte outra', 'outra parte', 'parte \xc3\xa9', '\xc3\xa9 indeferido', 'indeferido ressalvadas', 'ressalvadas por\xc3\xa9m', 'por\xc3\xa9m impetrante', 'impetrante vias', 'vias ordin\xc3\xa1rias']"
